{
	"IcoMoonType": "selection",
	"icons": [
		{
			"icon": {
				"paths": [
					"M0.062 128.25l383.75 383.75-383.75 383.75v-767.5z"
				],
				"attrs": [
					{}
				],
				"width": 383,
				"tags": [
					"triangle-right"
				],
				"grid": 16
			},
			"attrs": [
				{}
			],
			"properties": {
				"order": 5,
				"id": 0,
				"prevSize": 32,
				"code": 58880,
				"name": "triangle-right"
			},
			"setIdx": 0,
			"iconIdx": 0
		},
		{
			"icon": {
				"paths": [
					"M1024 194.418c-37.676 16.708-78.164 28.002-120.66 33.080 43.372-26 76.686-67.17 92.372-116.23-40.596 24.078-85.556 41.56-133.41 50.98-38.32-40.83-92.922-66.34-153.346-66.34-116.022 0-210.088 94.058-210.088 210.078 0 16.466 1.858 32.5 5.44 47.878-174.6-8.764-329.402-92.4-433.018-219.506-18.084 31.028-28.446 67.116-28.446 105.618 0 72.888 37.088 137.192 93.46 174.866-34.438-1.092-66.832-10.542-95.154-26.278-0.020 0.876-0.020 1.756-0.020 2.642 0 101.788 72.418 186.696 168.522 206-17.626 4.8-36.188 7.372-55.348 7.372-13.538 0-26.698-1.32-39.528-3.772 26.736 83.46 104.32 144.206 196.252 145.896-71.9 56.35-162.486 89.934-260.916 89.934-16.958 0-33.68-0.994-50.116-2.94 92.972 59.61 203.402 94.394 322.042 94.394 386.422 0 597.736-320.124 597.736-597.744 0-9.108-0.206-18.168-0.61-27.18 41.056-29.62 76.672-66.62 104.836-108.748z"
				],
				"attrs": [],
				"tags": [
					"twitter",
					"brand",
					"tweet",
					"social"
				],
				"defaultCode": 58525,
				"grid": 16
			},
			"attrs": [],
			"properties": {
				"id": 1302,
				"order": 6,
				"prevSize": 32,
				"code": 58884,
				"ligatures": "twitter, brand11",
				"name": "twitter"
			},
			"setIdx": 5,
			"iconIdx": 401
		},
		{
			"icon": {
				"paths": [
					"M256.416 705.056v-255.104h125.824l-188.864-220.544-192.832 220.576h126.304v380.672h558.976l-125.536-125.568h-303.872zM897.152 608.032v-382.656h-560.992l127.552 127.52h303.872v255.136h-125.824l188.832 220.576 192.832-220.576h-126.272z"
				],
				"attrs": [
					{}
				],
				"tags": [
					"retweet",
					"arrows",
					"loop",
					"reload"
				],
				"grid": 32
			},
			"attrs": [
				{}
			],
			"properties": {
				"order": 4,
				"id": 0,
				"prevSize": 32,
				"code": 58881,
				"name": "retweet"
			},
			"setIdx": 1,
			"iconIdx": 0
		},
		{
			"icon": {
				"paths": [
					"M438.426 231.219c21.402 20.89 230.502 240.435 230.502 240.435 11.469 11.162 17.152 25.754 17.152 40.346s-5.683 29.184-17.152 40.346c0 0-209.101 219.546-230.502 240.384-21.402 20.89-59.853 22.323-82.739 0-22.835-22.272-24.627-53.35 0-80.64l191.898-200.090-191.846-200.090c-24.627-27.341-22.835-58.419 0-80.691s61.338-20.89 82.688 0z"
				],
				"attrs": [
					{}
				],
				"tags": [
					"arrow-right",
					"right",
					"next"
				],
				"grid": 20
			},
			"attrs": [
				{}
			],
			"properties": {
				"order": 2,
				"id": 0,
				"prevSize": 20,
				"code": 58882,
				"name": "arrow-right"
			},
			"setIdx": 3,
			"iconIdx": 0
		},
		{
			"icon": {
				"paths": [
					"M512 85.333c-235.733 0-426.667 190.933-426.667 426.667s190.933 426.667 426.667 426.667 426.667-190.933 426.667-426.667-190.933-426.667-426.667-426.667zM426.667 704v-384l256 192-256 192z"
				],
				"attrs": [
					{}
				],
				"tags": [
					"play-circle-fill"
				],
				"grid": 24
			},
			"attrs": [
				{}
			],
			"properties": {
				"order": 3,
				"id": 1,
				"prevSize": 24,
				"code": 58883,
				"name": "play-circle-fill"
			},
			"setIdx": 4,
			"iconIdx": 0
		},
		{
			"icon": {
				"paths": [
					"M512 512c94.293 0 170.667-76.587 170.667-170.667 0-94.293-76.373-170.667-170.667-170.667s-170.667 76.373-170.667 170.667c0 94.080 76.373 170.667 170.667 170.667zM512 597.333c-113.707 0-341.333 56.96-341.333 170.667v85.333h682.667v-85.333c0-113.707-227.627-170.667-341.333-170.667z"
				],
				"attrs": [
					{}
				],
				"tags": [
					"person"
				],
				"grid": 24
			},
			"attrs": [
				{}
			],
			"properties": {
				"order": 1,
				"id": 0,
				"prevSize": 24,
				"code": 58885,
				"name": "person"
			},
			"setIdx": 4,
			"iconIdx": 1
		}
	],
	"height": 1024,
	"metadata": {
		"name": "icomoon"
	},
	"preferences": {
		"showGlyphs": true,
		"showQuickUse": true,
		"showQuickUse2": true,
		"showSVGs": true,
		"fontPref": {
			"prefix": "icon-",
			"metadata": {
				"fontFamily": "icomoon",
				"majorVersion": 1,
				"minorVersion": 0
			},
			"metrics": {
				"emSize": 1024,
				"baseline": 6.25,
				"whitespace": 50
			},
			"resetPoint": 58880,
			"showSelector": true,
			"showMetrics": false,
			"showMetadata": false,
			"showVersion": false,
			"embed": true,
			"selector": ""
		},
		"imagePref": {
			"prefix": "icon-",
			"png": true,
			"useClassSelector": true,
			"color": 4473924,
			"bgColor": 16777215
		},
		"historySize": 100,
		"showCodes": true
	}
}